,precision,recall,f1-score,support
0.0,0.9933774834437086,1.0,0.9966777408637874,150.0
1.0,1.0,0.9933333333333333,0.9966555183946488,150.0
accuracy,0.9966666666666667,0.9966666666666667,0.9966666666666667,0.9966666666666667
macro avg,0.9966887417218543,0.9966666666666666,0.9966666296292181,300.0
weighted avg,0.9966887417218542,0.9966666666666667,0.996666629629218,300.0
