epoch,accuracy,loss,val_accuracy,val_loss
0,0.9049999713897705,1.076582908630371,0.9900000095367432,0.15104223787784576
1,0.9375,0.10554009675979614,0.9900000095367432,0.0909961611032486
